{"data":[{"mode":"lines","x":[1.0,1.995,2.99,3.985,4.98,5.975,6.97,7.964999999999999,8.96,9.955,10.95,11.945,12.94,13.935,14.93,15.925,16.92,17.915,18.91,19.905,20.900000000000002,21.895,22.89,23.885,24.88,25.874999999999996,26.87,27.865,28.86,29.855,30.85,31.845,32.84,33.835,34.83,35.825,36.82,37.815,38.81,39.805,40.8,41.795,42.79,43.785000000000004,44.78,45.775,46.77,47.765,48.760000000000005,49.755,50.75,51.745,52.74000000000001,53.73499999999999,54.73,55.725,56.72,57.714999999999996,58.71,59.705,60.7,61.695,62.69,63.685,64.68,65.675,66.67,67.665,68.66,69.655,70.65,71.645,72.64,73.635,74.63,75.625,76.62,77.615,78.61,79.605,80.6,81.595,82.59,83.585,84.58000000000001,85.575,86.56999999999998,87.565,88.56,89.55499999999999,90.55,91.545,92.54000000000002,93.535,94.52999999999999,95.525,96.52,97.515,98.51,99.505,100.5,101.495,102.49,103.48500000000001,104.48,105.47499999999998,106.47,107.465,108.46,109.455,110.45,111.445,112.44,113.43499999999999,114.43,115.425,116.42,117.415,118.41,119.405,120.4,121.395,122.39000000000001,123.385,124.37999999999998,125.375,126.37,127.365,128.36,129.355,130.35,131.345,132.34,133.335,134.33,135.325,136.32,137.315,138.31,139.305,140.3,141.295,142.29,143.285,144.28,145.275,146.27,147.265,148.26,149.255,150.25,151.245,152.24,153.23499999999999,154.23,155.225,156.22,157.215,158.21,159.205,160.2,161.195,162.19,163.185,164.18000000000004,165.17499999999998,166.17000000000002,167.16500000000002,168.15999999999997,169.155,170.15,171.145,172.14,173.135,174.13,175.125,176.12,177.115,178.10999999999999,179.105,180.1,181.095,182.09,183.08500000000004,184.07999999999998,185.075,186.07000000000002,187.06499999999997,188.06,189.055,190.05,191.045,192.04,193.035,194.03,195.025,196.02,197.015,198.01,199.005,200.0],"y":[-0.00018984278428943875,-0.000378771040497362,-0.0005677687778336874,-0.0007568715094210528,-0.0009461158035124563,-0.0011355396787357196,-0.0013251830398442422,-0.0015150881676661684,-0.0017053002801305154,-0.0018958681847719868,-0.0020868450487138922,-0.0022782893191245525,-0.002470265837077559,-0.002662847200956346,-0.0028561154541342578,-0.003050164197481274,-0.003245101263663291,-0.0034410521424566767,-0.0036381644224910727,-0.0038366136267447295,-0.004036610988620978,-0.004238413974244133,-0.004442340763691327,-0.004648790557363315,-0.004858272652756445,-0.005071449073732073,-0.005289198770526316,-0.005512717340149255,-0.005743677596251001,-0.005984499347664204,-0.006238826415286875,-0.006512424626867523,-0.006815011171946166,-0.007164385643776841,-0.007597173734802966,-0.008203256726849507,-0.009282827383325185,-0.012999109063716327,-179.99715167061674,179.99766270035647,179.99467169162324,179.99369943197766,179.99312532869791,179.99270248076317,179.99235347759304,179.99204584342405,179.99176345492683,179.991497348688,179.99124210886734,179.99099424052568,179.99075135999897,179.99051175937336,179.9902741569188,179.9900375461555,179.98980110000144,179.98956410693452,179.98932592628813,179.98908595512066,179.9888436019854,179.98859826452994,179.9883493087372,179.98809604807775,179.98783772101154,179.9875734652312,179.987302286784,179.9870230217192,179.9867342871065,179.98643441701662,179.98612137710583,179.98579264839123,179.98544506592276,179.9850745900842,179.98467597485882,179.98424227415532,179.98376408547517,179.98322835171777,179.9826163871704,179.9819004704483,179.98103762329245,179.97995743018032,179.97853597364815,179.97653308996385,179.97341427189596,179.96770049834456,179.95323082588553,179.8303538999435,0.04070489553945279,0.008563078465531823,-0.00021957095762086107,-0.004398379433048625,-0.006889380378618161,-0.008575254117743722,-0.009814554541759711,-0.010780448904911854,-0.011566817417413673,-0.012228969586533963,-0.01280160635629543,-0.013307599436867538,-0.013762634742205734,-0.014177827561353376,-0.014561272911649709,-0.014919004729996832,-0.01525561114892587,-0.015574641584062125,-0.01587888340605549,-0.016170554442010505,-0.01645143971428465,-0.016722990362230156,-0.016986396379939785,-0.01724264087902281,-0.01749254109107944,-0.017736779700108642,-0.017975929018261023,-0.01821046979034868,-0.018440805910429615,-0.0186672759856308,-0.018890162429633827,-0.01910969859388703,-0.019326074307070982,-0.019539440099381567,-0.019749910308693063,-0.01995756520779798,-0.020162452240759462,-0.020364586414292656,-0.020563949849131385,-0.020760490455921016,-0.020954119657361703,-0.021144709026566438,-0.02133208565209477,-0.02151602595994736,-0.021696247622858957,-0.021872399044664693,-0.0220440457229575,-0.022210652520831257,-0.022371560502648095,-0.0225259564410334,-0.022672832290909772,-0.022810930726163168,-0.02293867099023945,-0.023054046454872214,-0.023154480737088035,-0.023236621823884723,-0.02329604127901011,-0.023326784282780018,-0.023320678244874486,-0.023266237370078376,-0.02314686443517284,-0.022937774143695886,-0.022600464654881906,-0.022072179177658725,-0.02124430460394507,-0.019913838844975718,-0.017660420355402016,-0.013478497087163558,-0.0043662619186804995,0.023043657787146975,0.26215999266014045,179.63518580148775,0.18070446649760755,0.0004453163202505992,-0.018863295296931645,-0.024704325073146058,-0.027149885255160485,-0.02832006162152036,-0.028834075205356868,-0.028825726993687902,-0.028068236582418665,-0.025464227080093188,-0.015088206544070637,0.11130827397450621,1.6254851189724726,0.00010215063033509451,-0.021183857523550276,-0.026667413127009907,-0.02901842908263572,-0.03032308680745154,-0.031175262274892472,-0.03179840426406067,-0.03229260141614414,-0.032708433835789294,-0.03307383617739644,-0.03340532560778313,-0.03371321099221389,-0.03400421518038325,-0.03428288472614053,-0.034552389898005485,-0.03481499976597868,-0.03507237543936458,-0.035325757182850685,-0.03557608731792966,-0.035824093023613744,-0.03607034338484562,-0.0363152894918901,-0.036559293134441846,-0.03680264766786742,-0.03704559340969136,-0.03728832915164999,-0.037531020871819594,-0.03777380840169897,-0.03801681058009431,-0.038260129275266376],"type":"scatter","line":{"color":"#e6194b"},"name":"Phase 1"},{"mode":"lines","x":[1.0,1.995,2.99,3.985,4.98,5.975,6.97,7.964999999999999,8.96,9.955,10.95,11.945,12.94,13.935,14.93,15.925,16.92,17.915,18.91,19.905,20.900000000000002,21.895,22.89,23.885,24.88,25.874999999999996,26.87,27.865,28.86,29.855,30.85,31.845,32.84,33.835,34.83,35.825,36.82,37.815,38.81,39.805,40.8,41.795,42.79,43.785000000000004,44.78,45.775,46.77,47.765,48.760000000000005,49.755,50.75,51.745,52.74000000000001,53.73499999999999,54.73,55.725,56.72,57.714999999999996,58.71,59.705,60.7,61.695,62.69,63.685,64.68,65.675,66.67,67.665,68.66,69.655,70.65,71.645,72.64,73.635,74.63,75.625,76.62,77.615,78.61,79.605,80.6,81.595,82.59,83.585,84.58000000000001,85.575,86.56999999999998,87.565,88.56,89.55499999999999,90.55,91.545,92.54000000000002,93.535,94.52999999999999,95.525,96.52,97.515,98.51,99.505,100.5,101.495,102.49,103.48500000000001,104.48,105.47499999999998,106.47,107.465,108.46,109.455,110.45,111.445,112.44,113.43499999999999,114.43,115.425,116.42,117.415,118.41,119.405,120.4,121.395,122.39000000000001,123.385,124.37999999999998,125.375,126.37,127.365,128.36,129.355,130.35,131.345,132.34,133.335,134.33,135.325,136.32,137.315,138.31,139.305,140.3,141.295,142.29,143.285,144.28,145.275,146.27,147.265,148.26,149.255,150.25,151.245,152.24,153.23499999999999,154.23,155.225,156.22,157.215,158.21,159.205,160.2,161.195,162.19,163.185,164.18000000000004,165.17499999999998,166.17000000000002,167.16500000000002,168.15999999999997,169.155,170.15,171.145,172.14,173.135,174.13,175.125,176.12,177.115,178.10999999999999,179.105,180.1,181.095,182.09,183.08500000000004,184.07999999999998,185.075,186.07000000000002,187.06499999999997,188.06,189.055,190.05,191.045,192.04,193.035,194.03,195.025,196.02,197.015,198.01,199.005,200.0],