{"data":[{"mode":"lines","x":[1.0,1.995,2.99,3.985,4.98,5.975,6.97,7.964999999999999,8.96,9.955,10.95,11.945,12.94,13.935,14.93,15.925,16.92,17.915,18.91,19.905,20.900000000000002,21.895,22.89,23.885,24.88,25.874999999999996,26.87,27.865,28.86,29.855,30.85,31.845,32.84,33.835,34.83,35.825,36.82,37.815,38.81,39.805,40.8,41.795,42.79,43.785000000000004,44.78,45.775,46.77,47.765,48.760000000000005,49.755,50.75,51.745,52.74000000000001,53.73499999999999,54.73,55.725,56.72,57.714999999999996,58.71,59.705,60.7,61.695,62.69,63.685,64.68,65.675,66.67,67.665,68.66,69.655,70.65,71.645,72.64,73.635,74.63,75.625,76.62,77.615,78.61,79.605,80.6,81.595,82.59,83.585,84.58000000000001,85.575,86.56999999999998,87.565,88.56,89.55499999999999,90.55,91.545,92.54000000000002,93.535,94.52999999999999,95.525,96.52,97.515,98.51,99.505,100.5,101.495,102.49,103.48500000000001,104.48,105.47499999999998,106.47,107.465,108.46,109.455,110.45,111.445,112.44,113.43499999999999,114.43,115.425,116.42,117.415,118.41,119.405,120.4,121.395,122.39000000000001,123.385,124.37999999999998,125.375,126.37,127.365,128.36,129.355,130.35,131.345,132.34,133.335,134.33,135.325,136.32,137.315,138.31,139.305,140.3,141.295,142.29,143.285,144.28,145.275,146.27,147.265,148.26,149.255,150.25,151.245,152.24,153.23499999999999,154.23,155.225,156.22,157.215,158.21,159.205,160.2,161.195,162.19,163.185,164.18000000000004,165.17499999999998,166.17000000000002,167.16500000000002,168.15999999999997,169.155,170.15,171.145,172.14,173.135,174.13,175.125,176.12,177.115,178.10999999999999,179.105,180.1,181.095,182.09,183.08500000000004,184.07999999999998,185.075,186.07000000000002,187.06499999999997,188.06,189.055,190.05,191.045,192.04,193.035,194.03,195.025,196.02,197.015,198.01,199.005,200.0],"y":[0.014364322915380971,0.014387423581003811,0.014426078049090546,0.014480597036172436,0.014551424081313187,0.01463914471724409,0.014744498857222812,0.014868396897597754,0.015011940209695457,0.015176446914901666,0.015363484121991924,0.015574908181351292,0.01581291501273624,0.016080103243438542,0.016379553827584707,0.016714931116536096,0.017090612182799208,0.01751185382193146,0.01798501046726205,0.018517821882394217,0.01911979796783021,0.01980274102027625,0.02058146618138272,0.02147481360056917,0.022507099987786675,0.023710249433476573,0.025127005877379406,0.02681592755948236,0.02885943560092,0.031377346517453795,0.034550815946470866,0.03866744009921363,0.04421318071324022,0.05208001789133556,0.06410596565767009,0.08480386584143515,0.12921826083880214,0.30441947603009223,0.11446195927188837,0.23224766675423156,0.10490495656107572,0.06778993129163154,0.04954711651315258,0.038635882275017304,0.03136432120478355,0.02616973089368677,0.02227383833553188,0.019244626601803535,0.01682277200619058,0.014843092957416346,0.01319534290291631,0.01180310790553447,0.010611744911080247,0.009581140104187312,0.008681179132180935,0.007888813380495161,0.007186102297176173,0.006558872660961303,0.00599577920050938,0.0054876330100861225,0.005026912708891986,0.004607402832084958,0.004223922416851981,0.0038721185792795023,0.003548307619803608,0.003249351360021146,0.0029725599209151853,0.0027156145730158165,0.0024765059844783404,0.0022534843970740963,0.0020450191260186572,0.0018497654097124464,0.0016665370990870695,0.0014942840208478354,0.0013320731074917367,0.0011790725827720368,0.0010345386407762443,0.0008978041718369276,0.0007682691777029248,0.0006453925880563424,0.0005286852452175801,0.000417703867201288,0.00031204583378395355,0.0002113446679818557,0.00011526610878034709,2.3504732700357866e-05,6.421939503675124e-05,0.00014816249141043708,0.0002285603958346497,0.00030562999031664463,0.000379571170394696,0.00045056843743063554,0.0005187923189366529,0.0005844006334404643,0.0006475396187722669,0.0007083449403493909,0.0007669425937925765,0.0008234497142631475,0.000877975303245666,0.0009306208820765014,0.0009814810802971485,0.0010306441658601063,0.0010781925233076554,0.0011242030852570495,0.0011687477218405443,0.0012118935921490586,0.0012537034612004397,0.0012942359854852033,0.001333545969724363,0.0013716845970961084,0.001408699634842626,0.0014446356168477698,0.001479534004473513,0.0015134333266508867,0.0015463692999327931,0.0015783749289235702,0.0016094805871957945,0.0016397140784784959,0.0016691006775419925,0.0016976631497993891,0.0017254217481763644,0.0017523941852488202,0.0017785955779846567,0.0018040383616169677,0.0018287321681751626,0.0018526836639472658,0.0018758963385594872,0.0018983702363277919,0.0019201016179102289,0.0019410825368604734,0.0019613003111624136,0.0019807368638044853,0.0019993678983478425,0.002017161864412897,0.002034078652823199,0.002050067938976931,0.0020650670631127267,0.0020789982932846226,0.0020917652544936586,0.0021032482151117364,0.002113297782556079,0.0021217263460518985,0.0021282962674640865,0.002132703277945201,0.0021345526375368433,0.0021333240746274794,0.0021283187936111158,0.0021185768067426046,0.0021027431227201962,0.002078841485230992,0.0020438711691721807,0.0019930406750770634,0.0019181883923781522,0.0018041653174821063,0.0016192654349284205,0.0012839414266546478,0.0005252917151927706,0.0026267351825241952,0.011914081162680449,0.005034888580182377,0.003992791156883055,0.0035680150584241257,0.0033311818993881463,0.003171503363257931,0.0030447834702361214,0.002925440217257677,0.0027893357680349776,0.002596667082134602,0.0022394182884753005,0.001171396848684222,0.04497164425941461,0.005112029678562367,0.004194621058612264,0.0038824248408394837,0.0037280898210988265,0.003638572413004192,0.0035822360261102107,0.0035453138679552468,0.0035208251705667886,0.003504837232026163,0.003494956706841993,0.003489638406384793,0.003487837099133835,0.003488818604549162,0.0034920510071449144,0.003497138854588544,0.003503781681174675,0.0035117469307783876,0.0035208517377611354,0.0035309503412537554,0.003541925187804668,0.0035536805116488843,0.003566137617639764,0.003579231358358882,0.0035929074642612464,0.0036071204933471033,0.0036218322375947878,0.0036370104708082027,0.003652627954891074,0.003668661644007801,0.003685092041898669],"type":"scatter","line":{"color":"#e6194b"},"name":"Amplitude 1"},{"mode":"lines","x":[1.0,1.995,2.99,3.985,4.98,5.975,6.97,7.964999999999999,8.96,9.955,10.95,11.945,12.94,13.935,14.93,15.925,16.92,17.915,18.91,19.905,20.900000000000002,21.895,22.89,23.885,24.88,25.874999999999996,26.87,27.865,28.86,29.855,30.85,31.845,32.84,33.835,34.83,35.825,36.82,37.815,38.81,39.805,40.8,41.795,42.79,43.785000000000004,44.78,45.775,46.77,47.765,48.760000000000005,49.755,50.75,51.745,52.74000000000001,53.73499999999999,54.73,55.725,56.72,57.714999999999996,58.71,59.705,60.7,61.695,62.69,63.685,64.68,65.675,66.67,67.665,68.66,69.655,70.65,71.645,72.64,73.635,74.63,75.625,76.62,77.615,78.61,79.605,80.6,81.595,82.59,83.585,84.58000000000001,85.575,86.56999999999998,87.565,88.56,89.55499999999999,90.55,91.545,92.54000000000002,93.535,94.52999999999999,95.525,96.52,97.515,98.51,99.505,100.5,101.495,102.49,103.48500000000001,104.48,105.47499999999998,106.47,107.465,108.46,109.455,110.45,111.445,112.44,113.43499999999999,114.43,115.425,116.42,117.415,118.41,119.405,120.4,121.395,122.39000000000001,123.385,124.37999999999998,125.375,126.37,127.365,128.36,129.355,130.35,131.345,132.34,133.335,134.33,135.325,136.32,137.315,138.31,139.305,140.3,141.295,142.29,143.285,144.28,145.275,146.27,147.265,148.26,149.255,150.25,151.245,152.24,153.23499999999999,154.23,155.225,156.22,157.215,158.21,159.205,160.2,161.195,162.19,163.185,164.18000000000004,165.17499999999998,166.17000000000002,167.16500000000002,168.15999999999997,169.155,170.15,171.145,172.14,173.135,174.13,175.125,176.12,177.115,178.10999999999999,179.105,180.1,181.095,182.09,183.08500000000004,184.07999999999998,185.075,186.07000000000002,187.06499999999997,188.06,189.055,190.05,191.045,192.04,193.035,194.03,195.025,196.02,197.015,198.01,199.005,200.0],